date,ticker,returns
2024-01-02,CAC.PA,
2024-01-03,CAC.PA,-0.01628968407798881
2024-01-04,CAC.PA,0.0056110978558907565
2024-01-05,CAC.PA,-0.00394664359405783
2024-01-08,CAC.PA,0.0027326226038428825
2024-01-09,CAC.PA,-0.002452722386961037
2024-01-10,CAC.PA,-0.0005463537887075987
2024-01-11,CAC.PA,-0.004920086841610494
2024-01-12,CAC.PA,0.010300817094565318
2024-01-15,CAC.PA,-0.006797194736638645
2024-01-16,CAC.PA,-0.0017793223089765942
2024-01-17,CAC.PA,-0.009735308375976248
2024-01-18,CAC.PA,0.011492654805218105
2024-01-19,CAC.PA,-0.004928168828366886
2024-01-22,CAC.PA,0.0053652455865265125
2024-01-23,CAC.PA,-0.0035577780663783587
2024-01-24,CAC.PA,0.009612775488242464
2024-01-25,CAC.PA,0.0012241393221228414
2024-01-26,CAC.PA,0.022823018342307932
2024-01-29,CAC.PA,0.000929783113218674
2024-01-30,CAC.PA,0.005307872670273328
2024-01-31,CAC.PA,-0.0032999049436558403
2024-02-01,CAC.PA,-0.00887306700883439
2024-02-02,CAC.PA,0.0005344542981211564
2024-02-05,CAC.PA,0.0
2024-02-06,CAC.PA,0.006543908917450381
2024-02-07,CAC.PA,-0.0027862842139158017
2024-02-08,CAC.PA,0.006519425309632787
2024-02-09,CAC.PA,-0.002511657595349548
2024-02-12,CAC.PA,0.005698464587027052
2024-02-13,CAC.PA,-0.008696743266142448
2024-02-14,CAC.PA,0.0071778849708685755
2024-02-15,CAC.PA,0.008710620746177788
2024-02-16,CAC.PA,0.002616679168407021
2024-02-19,CAC.PA,-0.00026093373882474236
2024-02-20,CAC.PA,0.004307607234581345
2024-02-21,CAC.PA,0.001949475190781147
2024-02-22,CAC.PA,0.012323298970248864
2024-02-23,CAC.PA,0.006919530743240143
2024-02-26,CAC.PA,-0.004199515478976901
2024-02-27,CAC.PA,0.0028114503875045216
2024-02-28,CAC.PA,-0.00012745767789335005
2024-02-29,CAC.PA,-0.0025489778253449114
2024-03-01,CAC.PA,-0.0002555993679688173
2024-03-04,CAC.PA,0.002811809781836372
2024-03-05,CAC.PA,-0.002294130111123671
2024-03-06,CAC.PA,0.002682605997964993
2024-03-07,CAC.PA,0.007644311300283757
2024-03-08,CAC.PA,0.0017702205980960617
2024-03-11,CAC.PA,-0.001388387287167947
2024-03-12,CAC.PA,0.008847349166529295
2024-03-13,CAC.PA,0.006514521396173034
2024-03-14,CAC.PA,-0.0004977683061628824
2024-03-15,CAC.PA,0.0016188951065359003
2024-03-18,CAC.PA,-0.0019893334995262357
2024-03-19,CAC.PA,0.007599396754265353
2024-03-20,CAC.PA,-0.003709210847518296
2024-03-21,CAC.PA,0.0022338706901754435
2024-03-22,CAC.PA,-0.003962409160335079
2024-03-25,CAC.PA,0.0007459195164856158
2024-03-26,CAC.PA,0.0042234989689153846
2024-03-27,CAC.PA,0.0014844574659784726
2024-03-28,CAC.PA,0.00012353760060479502
2024-04-02,CAC.PA,-0.011238786442001603
2024-04-03,CAC.PA,0.0034973493138323875
2024-04-04,CAC.PA,0.0004979638929236696
2024-04-05,CAC.PA,-0.012067659277199438
2024-04-08,CAC.PA,0.00768159796233836
2024-04-09,CAC.PA,-0.008747743721300716
2024-04-10,CAC.PA,-0.0007564519047839058
2024-04-11,CAC.PA,-0.0030280982298095394
2024-04-12,CAC.PA,-0.0015184488754410586
2024-04-15,CAC.PA,0.004055719970206262
2024-04-16,CAC.PA,-0.014768985972453463
2024-04-17,CAC.PA,0.007943591071304157
2024-04-18,CAC.PA,0.005211680516044703
2024-04-19,CAC.PA,-0.0003793241512647372
2024-04-22,CAC.PA,0.0044274921750857565
2024-04-23,CAC.PA,0.010327529222989185
2024-04-24,CAC.PA,-0.0021192182182642183
2024-04-25,CAC.PA,-0.008994348756483972
2024-04-26,CAC.PA,0.01008439065116784
2024-04-29,CAC.PA,-0.0028703058845584994
2024-04-30,CAC.PA,-0.007634587619088529
2024-05-02,CAC.PA,-0.007062625260131794
2024-05-03,CAC.PA,0.006604813505453944
2024-05-06,CAC.PA,0.005804455221010807
2024-05-07,CAC.PA,0.00890723886634559
2024-05-08,CAC.PA,0.008455596735543747
2024-05-09,CAC.PA,0.005672047922309353
2024-05-10,CAC.PA,0.004168704459131423
2024-05-13,CAC.PA,0.0008547420146853835
2024-05-14,CAC.PA,0.0029278907109941965
2024-05-15,CAC.PA,0.0017029422319447818
2024-05-16,CAC.PA,-0.005464498600101453
2024-05-17,CAC.PA,-0.0029303933021993522
2024-05-20,CAC.PA,0.003918738468320804
2024-05-21,CAC.PA,-0.0036594408427294
2024-05-22,CAC.PA,-0.005019624002892575
2024-05-23,CAC.PA,0.0007383015410267202
2024-05-24,CAC.PA,0.0
2024-05-27,CAC.PA,0.005041129195937799
2024-05-28,CAC.PA,-0.007217916704353122
2024-05-29,CAC.PA,-0.013185539880521735
2024-05-30,CAC.PA,0.005619399033548911
2024-05-31,CAC.PA,0.0014901717834205908
2024-06-03,CAC.PA,0.0007438798203505126
2024-06-04,CAC.PA,-0.008549135162154942
2024-06-05,CAC.PA,0.009622665370108363
2024-06-06,CAC.PA,0.003341950212964795
2024-06-07,CAC.PA,-0.003700877450003026
2024-06-10,CAC.PA,-0.013001527371073296
2024-06-11,CAC.PA,-0.01216919180370013
2024-06-12,CAC.PA,0.009271109122595655
2024-06-13,CAC.PA,-0.02290173841405785
2024-06-14,CAC.PA,-0.02614289212263965
2024-06-17,CAC.PA,0.009521154698711731
2024-06-18,CAC.PA,0.008252643461040599
2024-06-19,CAC.PA,-0.006366116788187104
2024-06-20,CAC.PA,0.013859795160289679
2024-06-21,CAC.PA,-0.007608980572908264
2024-06-24,CAC.PA,0.012865518690518218
2024-06-25,CAC.PA,-0.005517041994538174
2024-06-26,CAC.PA,-0.006837808872406259
2024-06-27,CAC.PA,-0.010652090333285957
2024-06-28,CAC.PA,-0.006565146910120445
2024-07-01,CAC.PA,0.011366489670688651
2024-07-02,CAC.PA,-0.003659145250036633
2024-07-03,CAC.PA,0.012723063502475096
2024-07-04,CAC.PA,0.008807137128905795
2024-07-05,CAC.PA,-0.0024394261457783006
2024-07-08,CAC.PA,-0.006177485228708868
2024-07-09,CAC.PA,-0.017482471946466016
2024-07-10,CAC.PA,0.009885257939485248
2024-07-11,CAC.PA,0.0075698086229494255
2024-07-12,CAC.PA,0.012564746696106965
2024-07-15,CAC.PA,-0.0124088328544959
2024-07-16,CAC.PA,-0.006347150575453764
2024-07-17,CAC.PA,-0.00013038200904436081
2024-07-18,CAC.PA,0.0007822916299609073
2024-07-19,CAC.PA,-0.0074257053314638055
2024-07-22,CAC.PA,0.012993749273003452
2024-07-23,CAC.PA,-0.0034982660856616166
2024-07-24,CAC.PA,-0.011181855524011297
2024-07-25,CAC.PA,-0.011045379603502714
2024-07-26,CAC.PA,0.01223239258148534
2024-07-29,CAC.PA,-0.010114249063060687
2024-07-30,CAC.PA,0.004246235582722413
2024-07-31,CAC.PA,0.007531674736380056
2024-08-01,CAC.PA,-0.02242622102184133
2024-08-02,CAC.PA,-0.01583033111214638
2024-08-05,CAC.PA,-0.013631450266144207
2024-08-06,CAC.PA,-0.0023493067444115834
2024-08-07,CAC.PA,0.01953165727684092
2024-08-08,CAC.PA,-0.0027172935478716465
2024-08-09,CAC.PA,0.0029972206053270334
2024-08-12,CAC.PA,-0.003124118560267397
2024-08-13,CAC.PA,0.003406469658814526
2024-08-14,CAC.PA,0.007876136965106362
2024-08-15,CAC.PA,0.012395557343836128
2024-08-16,CAC.PA,0.003194027303825564
2024-08-19,CAC.PA,0.007296388962861888
2024-08-20,CAC.PA,-0.00210723154475434
2024-08-21,CAC.PA,0.005279151519902436
2024-08-22,CAC.PA,0.0
2024-08-23,CAC.PA,0.0064330823487763755
2024-08-26,CAC.PA,0.0022175296451234505
2024-08-27,CAC.PA,-0.0029936932521285042
2024-08-28,CAC.PA,0.0009138821467429281
2024-08-29,CAC.PA,0.008608369747644229
2024-08-30,CAC.PA,-0.0016811732673231994
2024-09-02,CAC.PA,0.0023315731025004283
2024-09-03,CAC.PA,-0.009433952685448777
2024-09-04,CAC.PA,-0.010045633549884303
2024-09-05,CAC.PA,-0.00909331407463776
2024-09-06,CAC.PA,-0.011171713887093926
2024-09-09,CAC.PA,0.010490913415779346
2024-09-10,CAC.PA,-0.0031944525054339312
2024-09-11,CAC.PA,-0.0005340974707426227
2024-09-12,CAC.PA,0.002538397420266847
2024-09-13,CAC.PA,0.005063940546913059
2024-09-16,CAC.PA,-0.0022539889364218135
2024-09-17,CAC.PA,0.005049808468321926
2024-09-18,CAC.PA,-0.00555330762905859
2024-09-19,CAC.PA,0.02286931019865035
2024-09-20,CAC.PA,-0.014948702558790328
2024-09-23,CAC.PA,0.001187735264840839
2024-09-24,CAC.PA,0.012257806831172058
2024-09-25,CAC.PA,-0.0041667208009597
2024-09-26,CAC.PA,0.02301254434942357
2024-09-27,CAC.PA,0.0062627813529443355
2024-09-30,CAC.PA,-0.019306493085029186
2024-10-01,CAC.PA,-0.009195750146760218
2024-10-02,CAC.PA,0.00026137714637375353
2024-10-03,CAC.PA,-0.013068419896722916
2024-10-04,CAC.PA,0.0087394563174914
2024-10-07,CAC.PA,0.005119449877007964
2024-10-08,CAC.PA,-0.006921752328541975
2024-10-09,CAC.PA,0.004865917089087679
2024-10-10,CAC.PA,-0.0024866756588960426
2024-10-11,CAC.PA,0.004985543100116008
2024-10-14,CAC.PA,0.0022192668921525716
2024-10-15,CAC.PA,-0.01042066969302713
2024-10-16,CAC.PA,-0.002895827365211767
2024-10-17,CAC.PA,0.011617053862036375
2024-10-18,CAC.PA,0.004045549495695466
2024-10-21,CAC.PA,-0.009877878771664128
2024-10-22,CAC.PA,-0.00039376416991510066
2024-10-23,CAC.PA,-0.003939708683382115
2024-10-24,CAC.PA,0.0013183959322804473
2024-10-25,CAC.PA,-0.0017116166905488672
2024-10-28,CAC.PA,0.007781696350946499
2024-10-29,CAC.PA,-0.006281981863225816
2024-10-30,CAC.PA,-0.01027261150503933
2024-10-31,CAC.PA,-0.011710014186004702
2024-11-01,CAC.PA,0.009559873454652923
2024-11-04,CAC.PA,-0.005201487432602847
2024-11-05,CAC.PA,0.004960508897190019
2024-11-06,CAC.PA,-0.005069344770994855
2024-11-07,CAC.PA,0.0071064434788177255
2024-11-08,CAC.PA,-0.011449931328236351
2024-11-11,CAC.PA,0.011313147260110457
2024-11-12,CAC.PA,-0.026235102680387534
2024-11-13,CAC.PA,-0.0010941598532839825
2024-11-14,CAC.PA,0.013691172625055481
2024-11-15,CAC.PA,-0.0063479828319440434
2024-11-18,CAC.PA,0.0006796270679954031
2024-11-19,CAC.PA,-0.005976634956980642
2024-11-20,CAC.PA,-0.0045094005788935965
2024-11-21,CAC.PA,0.0019217416831476264
2024-11-22,CAC.PA,0.005343193539557145
2024-11-25,CAC.PA,0.0006813867912891514
2024-11-26,CAC.PA,-0.008307279796793132
2024-01-02,SPY,
2024-01-03,SPY,-0.008166652258309925
2024-01-04,SPY,-0.0032210908141013794
2024-01-05,SPY,0.0013695741827139951
2024-01-08,SPY,0.014275954930995205
2024-01-09,SPY,-0.0015171130680690093
2024-01-10,SPY,0.005655441355495006
2024-01-11,SPY,-0.00044054405238858063
2024-01-12,SPY,0.0006927373865368569
2024-01-16,SPY,-0.003671294856441021
2024-01-17,SPY,-0.005558665280617769
2024-01-18,SPY,0.008892837614389304
2024-01-19,SPY,0.012466195543228142
2024-01-22,SPY,0.002114226585711698
2024-01-23,SPY,0.0029166072960968847
2024-01-24,SPY,0.0010930566890721138
2024-01-25,SPY,0.005438941469424918
2024-01-26,SPY,-0.0012704328371473395
2024-01-29,SPY,0.007919409129188093
2024-01-30,SPY,-0.000773425464528521
2024-01-31,SPY,-0.016317408494510466
2024-02-01,SPY,0.013088221698331237
2024-02-02,SPY,0.010527377118547676
2024-02-05,SPY,-0.0036411612708775465
2024-02-06,SPY,0.0029032565870552585
2024-02-07,SPY,0.008340445048834022
2024-02-08,SPY,0.00044165891720004957
2024-02-09,SPY,0.0057794075113446475
2024-02-12,SPY,-0.00043892720154836695
2024-02-13,SPY,-0.013773118309779342
2024-02-14,SPY,0.009087642826208553
2024-02-15,SPY,0.006899763310901363
2024-02-16,SPY,-0.0049799241231467395
2024-02-20,SPY,-0.005505400945793881
2024-02-21,SPY,0.0009057336754814127
2024-02-22,SPY,0.020695552378237947
2024-02-23,SPY,0.0006897414535529389
2024-02-26,SPY,-0.0036626148046726703
2024-02-27,SPY,0.0018577071102943155
2024-02-28,SPY,-0.001321528922549331
2024-02-29,SPY,0.0035948767861859743
2024-03-01,SPY,0.009388288573588532
2024-03-04,SPY,-0.0010723911802535957
2024-03-05,SPY,-0.00999417176594286
2024-03-06,SPY,0.005067245002622345
2024-03-07,SPY,0.009926362680856338
2024-03-08,SPY,-0.006002098557530755
2024-03-11,SPY,-0.0008598679403269971
2024-03-12,SPY,0.010757447778688034
2024-03-13,SPY,-0.0015676179597869933
2024-03-14,SPY,-0.001976734034488392
2024-03-15,SPY,-0.006866559784614368
2024-03-18,SPY,0.005943081887870294
2024-03-19,SPY,0.0055571849742859225
2024-03-20,SPY,0.009249323251676156
2024-03-21,SPY,0.0033046038097594987
2024-03-22,SPY,-0.0018959068203877605
2024-03-25,SPY,-0.0027627483891181637
2024-03-26,SPY,-0.0018468555945632126
2024-03-27,SPY,0.008403788853494465
2024-03-28,SPY,-0.00019104683861193017
2024-04-01,SPY,-0.0017399574298924136
2024-04-02,SPY,-0.006358054972612215
2024-04-03,SPY,0.0010985434321970633
2024-04-04,SPY,-0.012206084852630528
2024-04-05,SPY,0.01044696794871669
2024-04-08,SPY,0.0005591251774501593
2024-04-09,SPY,0.001156829938015136
2024-04-10,SPY,-0.010013024889167
2024-04-11,SPY,0.007546755589417309
2024-04-12,SPY,-0.013802986700339526
2024-04-15,SPY,-0.012528103367394738
2024-04-16,SPY,-0.001823787276118427
2024-04-17,SPY,-0.00591831324604597
2024-04-18,SPY,-0.0020576827896068295
2024-04-19,SPY,-0.00872838105740914
2024-04-22,SPY,0.009209131560743211
2024-04-23,SPY,0.011866696047933
2024-04-24,SPY,-0.0004746680898967126
2024-04-25,SPY,-0.003798903452181035
2024-04-26,SPY,0.009473933363026488
2024-04-29,SPY,0.003541486119242432
2024-04-30,SPY,-0.015841273875022543
2024-05-01,SPY,-0.0032471668329314696
2024-05-02,SPY,0.009353393679748079
2024-05-03,SPY,0.012395381780769599
2024-05-06,SPY,0.010326900856807208
2024-05-07,SPY,0.0011033707371745916
2024-05-08,SPY,9.663724499819892e-05
2024-05-09,SPY,0.005761819917611044
2024-05-10,SPY,0.0012882399061335814
2024-05-13,SPY,0.00013422422138376078
2024-05-14,SPY,0.004588167308032354
2024-05-15,SPY,0.01238306750912721
2024-05-16,SPY,-0.0020575601128992593
2024-05-17,SPY,0.0014374743663070344
2024-05-20,SPY,0.0011522982161793482
2024-05-21,SPY,0.002452258278106356
2024-05-22,SPY,-0.002879231863607834
2024-05-23,SPY,-0.007304204015124771
2024-05-24,SPY,0.006616617875363051
2024-05-28,SPY,0.0006986303273044392
2024-05-29,SPY,-0.00700242611547941
2024-05-30,SPY,-0.006633773121481501
2024-05-31,SPY,0.009108163342788744
2024-06-03,SPY,0.0008152988317526866
2024-06-04,SPY,0.0011179560774192687
2024-06-05,SPY,0.011884993384097875
2024-06-06,SPY,-1.849723813107662e-05
2024-06-07,SPY,-0.0012158690741267408
2024-06-10,SPY,0.0030898469001348072
2024-06-11,SPY,0.0024082741236772787
2024-06-12,SPY,0.008213125459963777
2024-06-13,SPY,0.0020134336236563577
2024-06-14,SPY,0.0006083770985392256
2024-06-17,SPY,0.007958870060923662
2024-06-18,SPY,0.0025408330823268876
2024-06-20,SPY,-0.0027166211210586377
2024-06-21,SPY,-0.0013406532882335176
2024-06-24,SPY,-0.0032506735744611825
2024-06-25,SPY,0.003850797353790014
2024-06-26,SPY,0.0012481416971605874
2024-06-27,SPY,0.001576501253757856
2024-06-28,SPY,-0.00393504952388668
2024-07-01,SPY,0.002058000331942811
2024-07-02,SPY,0.006729842784292561
2024-07-03,SPY,0.004462443003212968
2024-07-05,SPY,0.00576647647305073
2024-07-08,SPY,0.001153970272046223
2024-07-09,SPY,0.0009725540044869252
2024-07-10,SPY,0.009895225846729971
2024-07-11,SPY,-0.008622578367717515
2024-07-12,SPY,0.0063074710559731795
2024-07-15,SPY,0.0027500889281606433
2024-07-16,SPY,0.005930133143262406
2024-07-17,SPY,-0.014020972011067334
2024-07-18,SPY,-0.007685001132831548
2024-07-19,SPY,-0.006640483335858427
2024-07-22,SPY,0.010309906607715913
2024-07-23,SPY,-0.0015687400169448473
2024-07-24,SPY,-0.022662421157437884
2024-07-25,SPY,-0.005210308325621638
2024-07-26,SPY,0.011199686721409474
2024-07-29,SPY,0.0005877948041610459
2024-07-30,SPY,-0.005066497496892808
2024-07-31,SPY,0.016254633068900404
2024-08-01,SPY,-0.014161048720978675
2024-08-02,SPY,-0.018618307728389905
2024-08-05,SPY,-0.029123772129418968
2024-08-06,SPY,0.009219712464534346
2024-08-07,SPY,-0.006684173791350556
2024-08-08,SPY,0.023117370291918515
2024-08-09,SPY,0.004409585443468256
2024-08-12,SPY,0.0005255139569271261
2024-08-13,SPY,0.01644563192328241
2024-08-14,SPY,0.0031547727845206985
2024-08-15,SPY,0.017140199822825997
2024-08-16,SPY,0.00224196912733321
2024-08-19,SPY,0.009561491446388404
2024-08-20,SPY,-0.0016260708627346965
2024-08-21,SPY,0.003436422327161903
2024-08-22,SPY,-0.007848425907751366
2024-08-23,SPY,0.010625294028573817
2024-08-26,SPY,-0.0023838360809905756
2024-08-27,SPY,0.0013731378507129133
2024-08-28,SPY,-0.00580517669033398
2024-08-29,SPY,8.939046627509661e-05
2024-08-30,SPY,0.009546048472447888
2024-09-03,SPY,-0.02057901860671374
2024-09-04,SPY,-0.002046779970929946
2024-09-05,SPY,-0.002432097423461843
2024-09-06,SPY,-0.016830322831178357
2024-09-09,SPY,0.011196214999071863
2024-09-10,SPY,0.004355920787868062
2024-09-11,SPY,0.010258763341584931
2024-09-12,SPY,0.00842339199639408
2024-09-13,SPY,0.005222614335536946
2024-09-16,SPY,0.001476936785746119
2024-09-17,SPY,0.0004086456412846218
2024-09-18,SPY,-0.0029658202997837613
2024-09-19,SPY,0.0170643557287935
2024-09-20,SPY,-0.0017285755475674458
2024-09-23,SPY,0.0024988247405808295
2024-09-24,SPY,0.0028612506908902713
2024-09-25,SPY,-0.002205401211637481
2024-09-26,SPY,0.003964639036064588
2024-09-27,SPY,-0.0014503466374615748
2024-09-30,SPY,0.004007278926261737
2024-10-01,SPY,-0.008958497576024071
2024-10-02,SPY,0.0004221591648074785
2024-10-03,SPY,-0.0018281885050124291
2024-10-04,SPY,0.00908726157486206
2024-10-07,SPY,-0.00904037487378262
2024-10-08,SPY,0.009457558847675962
2024-10-09,SPY,0.006926405441844974
2024-10-10,SPY,-0.001750022536475826
2024-10-11,SPY,0.0059882065403507045
2024-10-14,SPY,0.008178386498286061
2024-10-15,SPY,-0.007769766324635219
2024-10-16,SPY,0.004346500392314434
2024-10-17,SPY,8.576054306153047e-05
2024-10-18,SPY,0.0038465526321536103
2024-10-21,SPY,-0.0016421907154073878
2024-10-22,SPY,-0.0005310720287751147
2024-10-23,SPY,-0.009137376019982102
2024-10-24,SPY,0.0021625517536818517
2024-10-25,SPY,-0.0003452786014435105
2024-10-28,SPY,0.0030915017911679055
2024-10-29,SPY,0.0016182398537725184
2024-10-30,SPY,-0.0030251534775486144
2024-10-31,SPY,-0.019603069196068024
2024-11-01,SPY,0.004220470345176475
2024-11-04,SPY,-0.0021540202461768354
2024-11-05,SPY,0.012091894126530889
2024-11-06,SPY,0.024865593974724653
2024-11-07,SPY,0.007732038047127077
2024-11-08,SPY,0.0043317374770937
2024-11-11,SPY,0.0009528089020014452
2024-11-12,SPY,-0.0031062224676552397
2024-11-13,SPY,0.000485717937419361
2024-11-14,SPY,-0.006430169669833119
2024-11-15,SPY,-0.012808575932076294
2024-11-18,SPY,0.00409729395294689
2024-11-19,SPY,0.003655514780908309
2024-11-20,SPY,0.0003388093639582479
2024-11-21,SPY,0.005368351193856924
2024-11-22,SPY,0.003099434784606059
2024-11-25,SPY,0.0033920773549593886
2024-11-26,SPY,0.0052214111471931
2024-01-02,IWDA.AS,
2024-01-03,IWDA.AS,-0.004682777157267837
2024-01-04,IWDA.AS,-0.000549898178399344
2024-01-05,IWDA.AS,-0.0018952913339933541
2024-01-08,IWDA.AS,0.0020826387854953055
2024-01-09,IWDA.AS,0.007518311012536305
2024-01-10,IWDA.AS,-0.00012136305429055749
2024-01-11,IWDA.AS,-0.0035192150940265288
2024-01-12,IWDA.AS,0.0069414809675798494
2024-01-15,IWDA.AS,0.0007257082875977705
2024-01-16,IWDA.AS,0.002417027513488712
2024-01-17,IWDA.AS,-0.006570597033582537
2024-01-18,IWDA.AS,0.004004876516307432
2024-01-19,IWDA.AS,0.0033239923283687745
2024-01-22,IWDA.AS,0.011324648786342095
2024-01-23,IWDA.AS,0.0013103890732200085
2024-01-24,IWDA.AS,0.005353601173141431
2024-01-25,IWDA.AS,0.0042009747171400935
2024-01-26,IWDA.AS,0.0012962598345556131
2024-01-29,IWDA.AS,0.0038837451608071394
2024-01-30,IWDA.AS,0.002872158363685484
2024-01-31,IWDA.AS,-0.006195555446154355
2024-02-01,IWDA.AS,-0.003764038077064158
2024-02-02,IWDA.AS,0.015762430949677775
2024-02-05,IWDA.AS,0.001685508247337486
2024-02-06,IWDA.AS,0.0022628336282981554
2024-02-07,IWDA.AS,0.0041681208626083155
2024-02-08,IWDA.AS,0.0006917739683098834
2024-02-09,IWDA.AS,0.0016706606929008938
2024-02-12,IWDA.AS,0.008224581438600165
2024-02-13,IWDA.AS,-0.00969764357471381
2024-02-14,IWDA.AS,0.0014400921152670776
2024-02-15,IWDA.AS,0.004774153253531921
2024-02-16,IWDA.AS,0.004522604637316352
2024-02-19,IWDA.AS,-0.0023935610988972122
2024-02-20,IWDA.AS,-0.009654398240179218
2024-02-21,IWDA.AS,-0.001095999312051843
2024-02-22,IWDA.AS,0.016919835800377925
2024-02-23,IWDA.AS,0.003804645915522986
2024-02-26,IWDA.AS,-0.003677146232748618
2024-02-27,IWDA.AS,-0.0014762350331826157
2024-02-28,IWDA.AS,0.0005686688454937805
2024-02-29,IWDA.AS,0.0022732091453872005
2024-03-01,IWDA.AS,0.007031103928740068
2024-03-04,IWDA.AS,-0.00011263666539107486
2024-03-05,IWDA.AS,-0.006813868123609734
2024-03-06,IWDA.AS,0.0032318837670772815
2024-03-07,IWDA.AS,0.004464752318483978
2024-03-08,IWDA.AS,0.0007314740670549824
2024-03-11,IWDA.AS,-0.00680314128929993
2024-03-12,IWDA.AS,0.008491367403493877
2024-03-13,IWDA.AS,0.0
2024-03-14,IWDA.AS,0.0006174606461983867
2024-03-15,IWDA.AS,-0.006002423978469618
2024-03-18,IWDA.AS,0.00902980316429347
2024-03-19,IWDA.AS,0.0013423877296083742
2024-03-20,IWDA.AS,0.0022901394453720414
2024-03-21,IWDA.AS,0.01448947174181825
2024-03-22,IWDA.AS,-0.0004943767370347851
2024-03-25,IWDA.AS,-0.003022825287071984
2024-03-26,IWDA.AS,0.002260218720532725
2024-03-27,IWDA.AS,-0.0004400298780539158
2024-03-28,IWDA.AS,0.006383116102905317
2024-04-02,IWDA.AS,-0.008311030004557907
2024-04-03,IWDA.AS,0.0008821947754147352
2024-04-04,IWDA.AS,0.0008814171937714388
2024-04-05,IWDA.AS,-0.0071000524387019315
2024-04-08,IWDA.AS,0.001995568861039576
2024-04-09,IWDA.AS,-0.005808739903059967
2024-04-10,IWDA.AS,0.004674176765393279
2024-04-11,IWDA.AS,0.0013846579660723446
2024-04-12,IWDA.AS,0.004977842263789833
2024-04-15,IWDA.AS,-0.002256486895958365
2024-04-16,IWDA.AS,-0.015610274571520422
2024-04-17,IWDA.AS,-0.005267300269204855
2024-04-18,IWDA.AS,0.002365920227788587
2024-04-19,IWDA.AS,-0.009778607785155158
2024-04-22,IWDA.AS,0.0019864137887495303
2024-04-23,IWDA.AS,0.010931705706147543
2024-04-24,IWDA.AS,0.0004482397633895907
2024-04-25,IWDA.AS,-0.012096794868069916
2024-04-26,IWDA.AS,0.017970598284683614
2024-04-29,IWDA.AS,0.0003341179269733541
2024-04-30,IWDA.AS,-0.002672220527084379
2024-05-02,IWDA.AS,-0.007368083228584399
2024-05-03,IWDA.AS,0.008153837560097132
2024-05-06,IWDA.AS,0.007585902608275852
2024-05-07,IWDA.AS,0.006864512274987966
2024-05-08,IWDA.AS,5.495110274700288e-05
2024-05-09,IWDA.AS,0.002144149711128307
2024-05-10,IWDA.AS,0.0033465032611184053
2024-05-13,IWDA.AS,-0.0015856158734791626
2024-05-14,IWDA.AS,-0.0005476785332577672
2024-05-15,IWDA.AS,0.00728768126605317
2024-05-16,IWDA.AS,0.004079856348417232
2024-05-17,IWDA.AS,-0.003142278823821676
2024-05-20,IWDA.AS,0.005652137424634773
2024-05-21,IWDA.AS,-0.0022697696940350287
2024-05-22,IWDA.AS,0.0003791968696256198
2024-05-23,IWDA.AS,0.00027074043584840446
2024-05-24,IWDA.AS,-0.003680891600901681
2024-05-27,IWDA.AS,0.002390538124755759
2024-05-28,IWDA.AS,-0.004010869881648005
2024-05-29,IWDA.AS,-0.0038636889219743065
2024-05-30,IWDA.AS,-0.002786177312877669
2024-05-31,IWDA.AS,-0.006573885134098734
2024-06-03,IWDA.AS,0.007444613051608151
2024-06-04,IWDA.AS,-0.0019158470569722308
2024-06-05,IWDA.AS,0.011955730933166153
2024-06-06,IWDA.AS,0.003685197593954026
2024-06-07,IWDA.AS,0.00496759278674519
2024-06-10,IWDA.AS,0.004190838167633437
2024-06-11,IWDA.AS,-0.0014445640582599895
2024-06-12,IWDA.AS,0.004929529790898224
2024-06-13,IWDA.AS,-5.337118348236469e-05
2024-06-14,IWDA.AS,0.0027727646959416763
2024-06-17,IWDA.AS,0.0005849229595851213
2024-06-18,IWDA.AS,0.005420653039200918
2024-06-19,IWDA.AS,0.0013742507716096863
2024-06-20,IWDA.AS,0.0041700108611650855
2024-06-21,IWDA.AS,-0.0038898521435895006
2024-06-24,IWDA.AS,0.002110785733426823
2024-06-25,IWDA.AS,-0.0007372269307430734
2024-06-26,IWDA.AS,-0.00047426402031958137
2024-06-27,IWDA.AS,-5.269418955244909e-05
2024-06-28,IWDA.AS,0.0037962733670819926
2024-07-01,IWDA.AS,-0.005830447430836161
2024-07-02,IWDA.AS,0.0015850533364281105
2024-07-03,IWDA.AS,0.003165009345072134
2024-07-04,IWDA.AS,0.0022611765194859856
2024-07-05,IWDA.AS,0.00036721963897345944
2024-07-08,IWDA.AS,0.0017831664192358154
2024-07-09,IWDA.AS,0.001623018827801248
2024-07-10,IWDA.AS,0.003867814164992156
2024-07-11,IWDA.AS,-0.0017702610757708293
2024-07-12,IWDA.AS,0.005007257714196411
2024-07-15,IWDA.AS,0.0
2024-07-16,IWDA.AS,0.0015051305581574859
2024-07-17,IWDA.AS,-0.010467970460085296
2024-07-18,IWDA.AS,-0.0057606224786938
2024-07-19,IWDA.AS,-0.005846724122549385
2024-07-22,IWDA.AS,0.004662443564755092
2024-07-23,IWDA.AS,0.009492685888138563
2024-07-24,IWDA.AS,-0.017344018896601865
2024-07-25,IWDA.AS,-0.005210052921469921
2024-07-26,IWDA.AS,0.0019773962464291195
2024-07-29,IWDA.AS,0.0018667173421109684
2024-07-30,IWDA.AS,0.0007986007144271667
2024-07-31,IWDA.AS,0.014841178810616418
2024-08-01,IWDA.AS,-0.009801840492465907
2024-08-02,IWDA.AS,-0.0401249361289121
2024-08-05,IWDA.AS,-0.022500423481250698
2024-08-06,IWDA.AS,0.008913973658982721
2024-08-07,IWDA.AS,0.013923868856839938
2024-08-08,IWDA.AS,0.0
2024-08-09,IWDA.AS,0.004026007600108628
2024-08-12,IWDA.AS,0.001647915664535926
2024-08-13,IWDA.AS,0.009816250212334454
2024-08-14,IWDA.AS,0.0024981357412399152
2024-08-15,IWDA.AS,0.017605633220713734
2024-08-16,IWDA.AS,0.001171153652142598
2024-08-19,IWDA.AS,0.0029243780057954805
2024-08-20,IWDA.AS,-0.0022266895335479875
2024-08-21,IWDA.AS,0.0009564715063190565
2024-08-22,IWDA.AS,0.0016455969346991228
2024-08-23,IWDA.AS,0.0003179689322034829
2024-08-26,IWDA.AS,-0.0006887675910596247
2024-08-27,IWDA.AS,0.0006362547931464402
2024-08-28,IWDA.AS,-0.0003179655379684787
2024-08-29,IWDA.AS,0.011288981161201361
2024-08-30,IWDA.AS,-0.0034064981122635674
2024-09-02,IWDA.AS,0.00620526216374051
2024-09-03,IWDA.AS,-0.009773153302905069
2024-09-04,IWDA.AS,-0.011769650673836507
2024-09-05,IWDA.AS,-0.006889598948281228
2024-09-06,IWDA.AS,-0.012368932990076908
2024-09-09,IWDA.AS,0.011217059002702534
2024-09-10,IWDA.AS,0.0018846095098461468
2024-09-11,IWDA.AS,-0.004944631737166305
2024-09-12,IWDA.AS,0.01863453040734475
2024-09-13,IWDA.AS,0.007317487192374683
2024-09-16,IWDA.AS,-0.004263818252297158
2024-09-17,IWDA.AS,0.005920887584608625
2024-09-18,IWDA.AS,-0.005097757131206526
2024-09-19,IWDA.AS,0.014051046941068623
2024-09-20,IWDA.AS,-0.006355165978774613
2024-09-23,IWDA.AS,0.006605475789441373
2024-09-24,IWDA.AS,0.0003646025010237697
2024-09-25,IWDA.AS,0.00041650265666404174
2024-09-26,IWDA.AS,0.002497896119855847
2024-09-27,IWDA.AS,0.003581823315990551
2024-09-30,IWDA.AS,-0.0031035333255722275
2024-10-01,IWDA.AS,0.001971695590912148
2024-10-02,IWDA.AS,0.0037802067486500945
2024-10-03,IWDA.AS,-0.0023730471717317014
2024-10-04,IWDA.AS,0.006205382759036482
2024-10-07,IWDA.AS,0.0030835175201997522
2024-10-08,IWDA.AS,-0.000512300688998657
2024-10-09,IWDA.AS,0.007330288406597774
2024-10-10,IWDA.AS,0.0021882242460464774
2024-10-11,IWDA.AS,0.003655941971044463
2024-10-14,IWDA.AS,0.008044097482708956
2024-10-15,IWDA.AS,-0.0024090124343240094
2024-10-16,IWDA.AS,0.0
2024-10-17,IWDA.AS,0.008552582943611275
2024-10-18,IWDA.AS,-0.0010974271430312932
2024-10-21,IWDA.AS,-0.0040949179736267105
2024-10-22,IWDA.AS,0.0014541872114157695
2024-10-23,IWDA.AS,-0.0036550957494355663
2024-10-24,IWDA.AS,-0.0010553631241263517
2024-10-25,IWDA.AS,0.0034209072278208463
2024-10-28,IWDA.AS,-0.0007018920331697265
2024-10-29,IWDA.AS,0.0011036822889345377
2024-10-30,IWDA.AS,-0.004811022789308894
2024-10-31,IWDA.AS,-0.01752440172953429
2024-11-01,IWDA.AS,0.007790819918608305
2024-11-04,IWDA.AS,-0.00849353173846834
2024-11-05,IWDA.AS,0.005283399822623824
2024-11-06,IWDA.AS,0.030615369582625673
2024-11-07,IWDA.AS,0.00653533692514463
2024-11-08,IWDA.AS,0.0068863446899603
2024-11-11,IWDA.AS,0.01118714498809159
2024-11-12,IWDA.AS,-0.003671722041913239
2024-11-13,IWDA.AS,0.003588253447581513
2024-11-14,IWDA.AS,-0.0005797705777638162
2024-11-15,IWDA.AS,-0.012424497212403351
2024-11-18,IWDA.AS,0.0025944722070880832
2024-11-19,IWDA.AS,-0.0012206435378159242
2024-11-20,IWDA.AS,0.0007821845131941174
2024-11-21,IWDA.AS,0.013530696834427314
2024-11-22,IWDA.AS,0.010940233040509728
2024-11-25,IWDA.AS,-0.0018592648734824246
2024-11-26,IWDA.AS,0.0011463222943179918
2024-01-02,QQQ,
2024-01-03,QQQ,-0.01058145459566262
2024-01-04,QQQ,-0.00514647676513702
2024-01-05,QQQ,0.0011860936570211589
2024-01-08,QQQ,0.020667885967996957
2024-01-09,QQQ,0.001975572776408141
2024-01-10,QQQ,0.006777551714577612
2024-01-11,QQQ,0.002080781152052902
2024-01-12,QQQ,0.0005130502992078956
2024-01-16,QQQ,-9.773809867874572e-05
2024-01-17,QQQ,-0.005640835335521066
2024-01-18,QQQ,0.01419424280044268
2024-01-19,QQQ,0.019831044397187192
2024-01-22,QQQ,0.0013058363856865984
2024-01-23,QQQ,0.004149548503315836
2024-01-24,QQQ,0.005549192958510751
2024-01-25,QQQ,0.0012212546686005687
2024-01-26,QQQ,-0.005957630922828083
2024-01-29,QQQ,0.010240476327272763
2024-01-30,QQQ,-0.00665648377409378
2024-01-31,QQQ,-0.019586109520140282
2024-02-01,QQQ,0.011775333934065824
2024-02-02,QQQ,0.016900482829294905
2024-02-05,QQQ,-0.0013052941380081728
2024-02-06,QQQ,-0.0020071429345389635
2024-02-07,QQQ,0.010290156040966503
2024-02-08,QQQ,0.0018519848342497536
2024-02-09,QQQ,0.009842939063328782
2024-02-12,QQQ,-0.003912503373969645
2024-02-13,QQQ,-0.015597076603940163
2024-02-14,QQQ,0.01089720977451658
2024-02-15,QQQ,0.0029777422654388985
2024-02-16,QQQ,-0.00906767757016358
2024-02-20,QQQ,-0.007548188877378403
2024-02-21,QQQ,-0.004001662280971208
2024-02-22,QQQ,0.029275634410877993
2024-02-23,QQQ,-0.0029447747530498836
2024-02-26,QQQ,-0.000526513287527175
2024-02-27,QQQ,0.0024052077903886637
2024-02-28,QQQ,-0.005324610715080835
2024-02-29,QQQ,0.008569488769034628
2024-03-01,QQQ,0.015056926395542236
2024-03-04,QQQ,-0.0035680594137950106
2024-03-05,QQQ,-0.01794974130597382
2024-03-06,QQQ,0.0062836826677148405
2024-03-07,QQQ,0.01517827226733992
2024-03-08,QQQ,-0.01443500235459827
2024-03-11,QQQ,-0.0037127280196326273
2024-03-12,QQQ,0.014335067818103786
2024-03-13,QQQ,-0.007686108727455343
2024-03-14,QQQ,-0.0025213109224566654
2024-03-15,QQQ,-0.0118868498752156
2024-03-18,QQQ,0.00953743632226578
2024-03-19,QQQ,0.0024916035326152386
2024-03-20,QQQ,0.011856616134902964
2024-03-21,QQQ,0.004732198851015612
2024-03-22,QQQ,0.0011438895425937012
2024-03-25,QQQ,-0.0036292868169043313
2024-03-26,QQQ,-0.0032376838537957475
2024-03-27,QQQ,0.0034060428622006977
2024-03-28,QQQ,-0.001843365176121936
2024-04-01,QQQ,0.0021172223525349754
2024-04-02,QQQ,-0.008630342727431795
2024-04-03,QQQ,0.0022443914228664763
2024-04-04,QQQ,-0.015290732052469669
2024-04-05,QQQ,0.011783993502864076
2024-04-08,QQQ,0.0002951420414640804
2024-04-09,QQQ,0.003699406593886012
2024-04-10,QQQ,-0.008728417189389215
2024-04-11,QQQ,0.01596821234356227
2024-04-12,QQQ,-0.015941844943841654
2024-04-15,QQQ,-0.016450980532271897
2024-04-16,QQQ,9.281181403930638e-05
2024-04-17,QQQ,-0.012201377390376855
2024-04-18,QQQ,-0.005706261327748208
2024-04-19,QQQ,-0.02068925258212284
2024-04-22,QQQ,0.01005664322175126
2024-04-23,QQQ,0.014922968095710809
2024-04-24,QQQ,0.00338758663092964
2024-04-25,QQQ,-0.0048298276031367715
2024-04-26,QQQ,0.015431701126478181
2024-04-29,QQQ,0.004060351891939762
2024-04-30,QQQ,-0.01885619215219192
2024-05-01,QQQ,-0.007230605910717336
2024-05-02,QQQ,0.012763347244102885
2024-05-03,QQQ,0.02009850202892438
2024-05-06,QQQ,0.010953375830811796
2024-05-07,QQQ,0.0001590127927884044
2024-05-08,QQQ,-0.0005904851971121339
2024-05-09,QQQ,0.0021815090005561366
2024-05-10,QQQ,0.0023581918867254803
2024-05-13,QQQ,0.002307288549426856
2024-05-14,QQQ,0.0064323559360299765
2024-05-15,QQQ,0.015630296387341813
2024-05-16,QQQ,-0.0020313255166768407
2024-05-17,QQQ,-0.00048680398442879635
2024-05-20,QQQ,0.006972720942045818
2024-05-21,QQQ,0.0019563402364886073
2024-05-22,QQQ,-0.0001973066198088791
2024-05-23,QQQ,-0.004498454586872702
2024-05-24,QQQ,0.009456373576840038
2024-05-28,QQQ,0.0037776216330740464
2024-05-29,QQQ,-0.007048293723390331
2024-05-30,QQQ,-0.01071334323214268
2024-05-31,QQQ,-0.0018603339924749829
2024-06-03,QQQ,0.005369320001035405
2024-06-04,QQQ,0.002736489881356885
2024-06-05,QQQ,0.020159893588078903
2024-06-06,QQQ,-0.00034524158465354393
2024-06-07,QQQ,-0.0008848048727946312
2024-06-10,QQQ,0.004039233033848344
2024-06-11,QQQ,0.006862600166695154
2024-06-12,QQQ,0.013097829698757613
2024-06-13,QQQ,0.005420216705058323
2024-06-14,QQQ,0.005181222674516928
2024-06-17,QQQ,0.01224980061451797
2024-06-18,QQQ,0.0003092819657724011
2024-06-20,QQQ,-0.0077079534420805285
2024-06-21,QQQ,-0.0026793000760604313
2024-06-24,QQQ,-0.011384653966792002
2024-06-25,QQQ,0.011435619251993323
2024-06-26,QQQ,0.0020650724517941033
2024-06-27,QQQ,0.002581365502146493
2024-06-28,QQQ,-0.005190939458071586
2024-07-01,QQQ,0.005865096447292828
2024-07-02,QQQ,0.01049968690690739
2024-07-03,QQQ,0.00833709721839715
2024-07-05,QQQ,0.010426790002412867
2024-07-08,QQQ,0.0023782394182494393
2024-07-09,QQQ,0.0008646060356367613
2024-07-10,QQQ,0.010426540225985326
2024-07-11,QQQ,-0.021930159518831815
2024-07-12,QQQ,0.005874832064640678
2024-07-15,QQQ,0.0026878138170542965
2024-07-16,QQQ,0.00038295294658752255
2024-07-17,QQQ,-0.029354910155386715
2024-07-18,QQQ,-0.004732537651910507
2024-07-19,QQQ,-0.00886352440766569
2024-07-22,QQQ,0.01489770334867746
2024-07-23,QQQ,-0.003524619775802318
2024-07-24,QQQ,-0.035870351342954354
2024-07-25,QQQ,-0.011027683924397902
2024-07-26,QQQ,0.010255946116832337
2024-07-29,QQQ,0.0020088196572187744
2024-07-30,QQQ,-0.013731420333093713
2024-07-31,QQQ,0.029593676894621668
2024-08-01,QQQ,-0.02422144765777845
2024-08-02,QQQ,-0.023734951659039716
2024-08-05,QQQ,-0.029816166713404035
2024-08-06,QQQ,0.009555085983944611
2024-08-07,QQQ,-0.010829785827254024
2024-08-08,QQQ,0.030590946009013686
2024-08-09,QQQ,0.00522243818276702
2024-08-12,QQQ,0.0021535885269718946
2024-08-13,QQQ,0.0248127452743514
2024-08-14,QQQ,0.00032432764142953374
2024-08-15,QQQ,0.025263185649570863
2024-08-16,QQQ,0.001285675608090342
2024-08-19,QQQ,0.013136005114157578
2024-08-20,QQQ,-0.0020985568838475244
2024-08-21,QQQ,0.004664117774495269
2024-08-22,QQQ,-0.015854903502554474
2024-08-23,QQQ,0.01084542892882201
2024-08-26,QQQ,-0.009708306927652233
2024-08-27,QQQ,0.002987375337121234
2024-08-28,QQQ,-0.011347496479767738
2024-08-29,QQQ,-0.0014637973714733965
2024-08-30,QQQ,0.011919426857692317
2024-09-03,QQQ,-0.030360980769048806
2024-09-04,QQQ,-0.0025984826242198
2024-09-05,QQQ,0.0009336180775294523
2024-09-06,QQQ,-0.026787293466434048
2024-09-09,QQQ,0.012859699856072826
2024-09-10,QQQ,0.009241743564837313
2024-09-11,QQQ,0.02171542514884739
2024-09-12,QQQ,0.00981604346625553
2024-09-13,QQQ,0.004479889697089456
2024-09-16,QQQ,-0.004417861334113815
2024-09-17,QQQ,0.0005282619837412295
2024-09-18,QQQ,-0.004329525920407917
2024-09-19,QQQ,0.025284193415840983
2024-09-20,QQQ,-0.0019033410227609071
2024-09-23,QQQ,0.0026507343022021956
2024-09-24,QQQ,0.00482355236075338
2024-09-25,QQQ,0.0009271316174965794
2024-09-26,QQQ,0.007513080925874549
2024-09-27,QQQ,-0.005557033281096246
2024-09-30,QQQ,0.002711938554633253
2024-10-01,QQQ,-0.013932526340580842
2024-10-02,QQQ,0.0014129766005248623
2024-10-03,QQQ,-0.0007469685368086676
2024-10-04,QQQ,0.011898073179452462
2024-10-07,QQQ,-0.010711628969912401
2024-10-08,QQQ,0.014934659001615058
2024-10-09,QQQ,0.00786837418590669
2024-10-10,QQQ,-0.0011355411403208837
2024-10-11,QQQ,0.0015631518505727637
2024-10-14,QQQ,0.008391410963765944
2024-10-15,QQQ,-0.013366807783037227
2024-10-16,QQQ,0.00012223744161521388
2024-10-17,QQQ,0.0006925526026002604
2024-10-18,QQQ,0.006554755517595767
2024-10-21,QQQ,0.0019212982166361137
2024-10-22,QQQ,0.0010899269102020437
2024-10-23,QQQ,-0.015323900382518851
2024-10-24,QQQ,0.008108869126145724
2024-10-25,QQQ,0.006093622793680975
2024-10-28,QQQ,0.00016149181104263555
2024-10-29,QQQ,0.00960841623926334
2024-10-30,QQQ,-0.007557612565614269
2024-10-31,QQQ,-0.025242717967602024
2024-11-01,QQQ,0.007398912114121803
2024-11-04,QQQ,-0.002913209091428115
2024-11-05,QQQ,0.012756970926592892
2024-11-06,QQQ,0.02716310688475776
2024-11-07,QQQ,0.015744258863044314
2024-11-08,QQQ,0.001168544566208185
2024-11-11,QQQ,-0.0005835010204122693
2024-11-12,QQQ,-0.0018100283985365007
2024-11-13,QQQ,-0.0012867211499379971
2024-11-14,QQQ,-0.006949680552661319
2024-11-15,QQQ,-0.023825942600588457
2024-11-18,QQQ,0.006947627860296679
2024-11-19,QQQ,0.00687973290427113
2024-11-20,QQQ,-0.0005759960968709787
2024-11-21,QQQ,0.00359722887987024
2024-11-22,QQQ,0.0016039698481069564
2024-11-25,QQQ,0.0015816704650442048
2024-11-26,QQQ,0.0053692356388219675
